{
	"providers": [
		{
			"file": "loader:pixel.png",
			"chars": [""],
			"height": 16,
			"ascent": 13,
			"type": "bitmap"
		},
		{
			"file": "loader:pixel.png",
			"chars": [""],
			"height": 16,
			"ascent": 12,
			"type": "bitmap"
		},
		{
			"file": "loader:pixel.png",
			"chars": [""],
			"height": 16,
			"ascent": 11,
			"type": "bitmap"
		},
		{
			"file": "loader:pixel.png",
			"chars": [""],
			"height": 16,
			"ascent": 10,
			"type": "bitmap"
		},
		{
			"file": "loader:pixel.png",
			"chars": [""],
			"height": 16,
			"ascent": 9,
			"type": "bitmap"
		},
		{
			"file": "loader:pixel.png",
			"chars": [""],
			"height": 16,
			"ascent": 8,
			"type": "bitmap"
		},
		{
			"file": "loader:pixel.png",
			"chars": [""],
			"height": 16,
			"ascent": 7,
			"type": "bitmap"
		},
		{
			"file": "loader:pixel.png",
			"chars": [""],
			"height": 16,
			"ascent": 6,
			"type": "bitmap"
		},
		{
			"file": "loader:pixel.png",
			"chars": [""],
			"height": 16,
			"ascent": 5,
			"type": "bitmap"
		},
		{
			"file": "loader:pixel.png",
			"chars": [""],
			"height": 16,
			"ascent": 4,
			"type": "bitmap"
		},
		{
			"file": "loader:pixel.png",
			"chars": [""],
			"height": 16,
			"ascent": 3,
			"type": "bitmap"
		},
		{
			"file": "loader:pixel.png",
			"chars": [""],
			"height": 16,
			"ascent": 2,
			"type": "bitmap"
		},
		{
			"file": "loader:pixel.png",
			"chars": [""],
			"height": 16,
			"ascent": 1,
			"type": "bitmap"
		},
		{
			"file": "loader:pixel.png",
			"chars": [""],
			"height": 16,
			"ascent": 0,
			"type": "bitmap"
		},
		{
			"file": "loader:pixel.png",
			"chars": [""],
			"height": 16,
			"ascent": -1,
			"type": "bitmap"
		},
		{
			"file": "loader:pixel.png",
			"chars": [""],
			"height": 16,
			"ascent": -2,
			"type": "bitmap"
		},
		{
			"file": "loader:pixel.png",
			"chars": [""],
			"height": 16,
			"ascent": -3,
			"type": "bitmap"
		},
		{
			"file": "loader:pixel.png",
			"chars": [""],
			"height": 16,
			"ascent": -4,
			"type": "bitmap"
		},
		{
			"file": "loader:pixel.png",
			"chars": [""],
			"height": 16,
			"ascent": -5,
			"type": "bitmap"
		},
		{
			"file": "loader:pixel.png",
			"chars": [""],
			"height": 16,
			"ascent": -6,
			"type": "bitmap"
		},
		{
			"file": "loader:pixel.png",
			"chars": [""],
			"height": 16,
			"ascent": -7,
			"type": "bitmap"
		},
		{
			"file": "loader:pixel.png",
			"chars": [""],
			"height": 16,
			"ascent": -8,
			"type": "bitmap"
		},
		{
			"file": "loader:pixel.png",
			"chars": [""],
			"height": 16,
			"ascent": -9,
			"type": "bitmap"
		},
		{
			"file": "loader:pixel.png",
			"chars": [""],
			"height": 16,
			"ascent": -10,
			"type": "bitmap"
		},
		{
			"file": "loader:pixel.png",
			"chars": [""],
			"height": 16,
			"ascent": -11,
			"type": "bitmap"
		},
		{
			"file": "loader:pixel.png",
			"chars": [""],
			"height": 16,
			"ascent": -12,
			"type": "bitmap"
		},
		{
			"file": "loader:pixel.png",
			"chars": [""],
			"height": 16,
			"ascent": -13,
			"type": "bitmap"
		},
		{
			"file": "loader:pixel.png",
			"chars": [""],
			"height": 16,
			"ascent": -14,
			"type": "bitmap"
		},
		{
			"file": "loader:pixel.png",
			"chars": [""],
			"height": 16,
			"ascent": -15,
			"type": "bitmap"
		},
		{
			"file": "loader:pixel.png",
			"chars": [""],
			"height": 16,
			"ascent": -16,
			"type": "bitmap"
		},
		{
			"file": "loader:pixel.png",
			"chars": [""],
			"height": 16,
			"ascent": -17,
			"type": "bitmap"
		},
		{
			"file": "loader:pixel.png",
			"chars": [""],
			"height": 16,
			"ascent": -18,
			"type": "bitmap"
		},
		{
			"file": "loader:pixel.png",
			"chars": [""],
			"height": 16,
			"ascent": -19,
			"type": "bitmap"
		},
		{
			"file": "loader:pixel.png",
			"chars": [""],
			"height": 16,
			"ascent": -20,
			"type": "bitmap"
		},
		{
			"file": "loader:pixel.png",
			"chars": [""],
			"height": 16,
			"ascent": -21,
			"type": "bitmap"
		},
		{
			"file": "loader:pixel.png",
			"chars": [""],
			"height": 16,
			"ascent": -22,
			"type": "bitmap"
		},
		{
			"file": "loader:pixel.png",
			"chars": [""],
			"height": 16,
			"ascent": -23,
			"type": "bitmap"
		},
		{
			"file": "loader:pixel.png",
			"chars": [""],
			"height": 16,
			"ascent": -24,
			"type": "bitmap"
		},
		{
			"file": "loader:pixel.png",
			"chars": [""],
			"height": 16,
			"ascent": -25,
			"type": "bitmap"
		},
		{
			"file": "loader:pixel.png",
			"chars": [""],
			"height": 16,
			"ascent": -26,
			"type": "bitmap"
		},
		{
			"file": "loader:pixel.png",
			"chars": [""],
			"height": 16,
			"ascent": -27,
			"type": "bitmap"
		},
		{
			"file": "loader:pixel.png",
			"chars": [""],
			"height": 16,
			"ascent": -28,
			"type": "bitmap"
		},
		{
			"file": "loader:pixel.png",
			"chars": [""],
			"height": 16,
			"ascent": -29,
			"type": "bitmap"
		},
		{
			"file": "loader:pixel.png",
			"chars": [""],
			"height": 16,
			"ascent": -30,
			"type": "bitmap"
		},
		{
			"file": "loader:pixel.png",
			"chars": [""],
			"height": 16,
			"ascent": -31,
			"type": "bitmap"
		},
		{
			"file": "loader:pixel.png",
			"chars": [""],
			"height": 16,
			"ascent": -32,
			"type": "bitmap"
		},
		{
			"file": "loader:pixel.png",
			"chars": [""],
			"height": 16,
			"ascent": -33,
			"type": "bitmap"
		},
		{
			"file": "loader:pixel.png",
			"chars": [""],
			"height": 16,
			"ascent": -34,
			"type": "bitmap"
		},
		{
			"file": "loader:pixel.png",
			"chars": [""],
			"height": 16,
			"ascent": -35,
			"type": "bitmap"
		},
		{
			"file": "loader:pixel.png",
			"chars": [""],
			"height": 16,
			"ascent": -36,
			"type": "bitmap"
		},
		{
			"file": "loader:pixel.png",
			"chars": [""],
			"height": 16,
			"ascent": -37,
			"type": "bitmap"
		},
		{
			"file": "loader:pixel.png",
			"chars": [""],
			"height": 16,
			"ascent": -38,
			"type": "bitmap"
		},
		{
			"file": "loader:pixel.png",
			"chars": [""],
			"height": 16,
			"ascent": -39,
			"type": "bitmap"
		},
		{
			"file": "loader:pixel.png",
			"chars": [""],
			"height": 16,
			"ascent": -40,
			"type": "bitmap"
		},
		{
			"file": "loader:pixel.png",
			"chars": [""],
			"height": 16,
			"ascent": -41,
			"type": "bitmap"
		},
		{
			"file": "loader:pixel.png",
			"chars": [""],
			"height": 16,
			"ascent": -42,
			"type": "bitmap"
		},
		{
			"file": "loader:pixel.png",
			"chars": [""],
			"height": 16,
			"ascent": -43,
			"type": "bitmap"
		},
		{
			"file": "loader:pixel.png",
			"chars": [""],
			"height": 16,
			"ascent": -44,
			"type": "bitmap"
		},
		{
			"file": "loader:pixel.png",
			"chars": [""],
			"height": 16,
			"ascent": -45,
			"type": "bitmap"
		},
		{
			"file": "loader:pixel.png",
			"chars": [""],
			"height": 16,
			"ascent": -46,
			"type": "bitmap"
		},
		{
			"file": "loader:pixel.png",
			"chars": [""],
			"height": 16,
			"ascent": -47,
			"type": "bitmap"
		},
		{
			"file": "loader:pixel.png",
			"chars": [""],
			"height": 16,
			"ascent": -48,
			"type": "bitmap"
		},
		{
			"file": "loader:pixel.png",
			"chars": [""],
			"height": 16,
			"ascent": -49,
			"type": "bitmap"
		},
		{
			"file": "loader:pixel.png",
			"chars": [""],
			"height": 16,
			"ascent": -50,
			"type": "bitmap"
		},
		{
			"file": "loader:pixel.png",
			"chars": [""],
			"height": 16,
			"ascent": -51,
			"type": "bitmap"
		},
		{
			"file": "loader:pixel.png",
			"chars": [""],
			"height": 16,
			"ascent": -52,
			"type": "bitmap"
		},
		{
			"file": "loader:pixel.png",
			"chars": [""],
			"height": 16,
			"ascent": -53,
			"type": "bitmap"
		},
		{
			"file": "loader:pixel.png",
			"chars": [""],
			"height": 16,
			"ascent": -54,
			"type": "bitmap"
		},
		{
			"file": "loader:pixel.png",
			"chars": [""],
			"height": 16,
			"ascent": -55,
			"type": "bitmap"
		},
		{
			"file": "loader:pixel.png",
			"chars": [""],
			"height": 16,
			"ascent": -56,
			"type": "bitmap"
		},
		{
			"file": "loader:pixel.png",
			"chars": [""],
			"height": 16,
			"ascent": -57,
			"type": "bitmap"
		},
		{
			"file": "loader:pixel.png",
			"chars": [""],
			"height": 16,
			"ascent": -58,
			"type": "bitmap"
		},
		{
			"file": "loader:pixel.png",
			"chars": [""],
			"height": 16,
			"ascent": -59,
			"type": "bitmap"
		},
		{
			"file": "loader:pixel.png",
			"chars": [""],
			"height": 16,
			"ascent": -60,
			"type": "bitmap"
		},
		{
			"file": "loader:pixel.png",
			"chars": [""],
			"height": 16,
			"ascent": -61,
			"type": "bitmap"
		},
		{
			"file": "loader:pixel.png",
			"chars": [""],
			"height": 16,
			"ascent": -62,
			"type": "bitmap"
		},
		{
			"file": "loader:pixel.png",
			"chars": [""],
			"height": 16,
			"ascent": -63,
			"type": "bitmap"
		},
		{
			"file": "loader:pixel.png",
			"chars": [""],
			"height": 16,
			"ascent": -64,
			"type": "bitmap"
		},
		{
			"file": "loader:pixel.png",
			"chars": [""],
			"height": 16,
			"ascent": -65,
			"type": "bitmap"
		},
		{
			"file": "loader:pixel.png",
			"chars": [""],
			"height": 16,
			"ascent": -66,
			"type": "bitmap"
		},
		{
			"file": "loader:pixel.png",
			"chars": [""],
			"height": 16,
			"ascent": -67,
			"type": "bitmap"
		},
		{
			"file": "loader:pixel.png",
			"chars": [""],
			"height": 16,
			"ascent": -68,
			"type": "bitmap"
		},
		{
			"file": "loader:pixel.png",
			"chars": [""],
			"height": 16,
			"ascent": -69,
			"type": "bitmap"
		},
		{
			"file": "loader:pixel.png",
			"chars": [""],
			"height": 16,
			"ascent": -70,
			"type": "bitmap"
		},
		{
			"file": "loader:pixel.png",
			"chars": [""],
			"height": 16,
			"ascent": -71,
			"type": "bitmap"
		},
		{
			"file": "loader:pixel.png",
			"chars": [""],
			"height": 16,
			"ascent": -72,
			"type": "bitmap"
		},
		{
			"file": "loader:pixel.png",
			"chars": [""],
			"height": 16,
			"ascent": -73,
			"type": "bitmap"
		},
		{
			"file": "loader:pixel.png",
			"chars": [""],
			"height": 16,
			"ascent": -74,
			"type": "bitmap"
		},
		{
			"file": "loader:pixel.png",
			"chars": [""],
			"height": 16,
			"ascent": -75,
			"type": "bitmap"
		},
		{
			"file": "loader:pixel.png",
			"chars": [""],
			"height": 16,
			"ascent": -76,
			"type": "bitmap"
		},
		{
			"file": "loader:pixel.png",
			"chars": [""],
			"height": 16,
			"ascent": -77,
			"type": "bitmap"
		},
		{
			"file": "loader:pixel.png",
			"chars": [""],
			"height": 16,
			"ascent": -78,
			"type": "bitmap"
		},
		{
			"file": "loader:pixel.png",
			"chars": [""],
			"height": 16,
			"ascent": -79,
			"type": "bitmap"
		},
		{
			"file": "loader:pixel.png",
			"chars": [""],
			"height": 16,
			"ascent": -80,
			"type": "bitmap"
		},
		{
			"file": "loader:pixel.png",
			"chars": [""],
			"height": 16,
			"ascent": -81,
			"type": "bitmap"
		},
		{
			"file": "loader:pixel.png",
			"chars": [""],
			"height": 16,
			"ascent": -82,
			"type": "bitmap"
		},
		{
			"file": "loader:pixel.png",
			"chars": [""],
			"height": 16,
			"ascent": -83,
			"type": "bitmap"
		},
		{
			"file": "loader:pixel.png",
			"chars": [""],
			"height": 16,
			"ascent": -84,
			"type": "bitmap"
		},
		{
			"file": "loader:pixel.png",
			"chars": [""],
			"height": 16,
			"ascent": -85,
			"type": "bitmap"
		},
		{
			"file": "loader:pixel.png",
			"chars": [""],
			"height": 16,
			"ascent": -86,
			"type": "bitmap"
		},
		{
			"file": "loader:pixel.png",
			"chars": [""],
			"height": 16,
			"ascent": -87,
			"type": "bitmap"
		},
		{
			"file": "loader:pixel.png",
			"chars": [""],
			"height": 16,
			"ascent": -88,
			"type": "bitmap"
		},
		{
			"file": "loader:pixel.png",
			"chars": [""],
			"height": 16,
			"ascent": -89,
			"type": "bitmap"
		},
		{
			"file": "loader:pixel.png",
			"chars": [""],
			"height": 16,
			"ascent": -90,
			"type": "bitmap"
		},
		{
			"file": "loader:pixel.png",
			"chars": [""],
			"height": 16,
			"ascent": -91,
			"type": "bitmap"
		},
		{
			"file": "loader:pixel.png",
			"chars": [""],
			"height": 16,
			"ascent": -92,
			"type": "bitmap"
		},
		{
			"file": "loader:pixel.png",
			"chars": [""],
			"height": 16,
			"ascent": -93,
			"type": "bitmap"
		},
		{
			"file": "loader:pixel.png",
			"chars": [""],
			"height": 16,
			"ascent": -94,
			"type": "bitmap"
		},
		{
			"file": "loader:pixel.png",
			"chars": [""],
			"height": 16,
			"ascent": -95,
			"type": "bitmap"
		},
		{
			"file": "loader:pixel.png",
			"chars": [""],
			"height": 16,
			"ascent": -96,
			"type": "bitmap"
		},
		{
			"file": "loader:pixel.png",
			"chars": [""],
			"height": 16,
			"ascent": -97,
			"type": "bitmap"
		},
		{
			"file": "loader:pixel.png",
			"chars": [""],
			"height": 16,
			"ascent": -98,
			"type": "bitmap"
		},
		{
			"file": "loader:pixel.png",
			"chars": [""],
			"height": 16,
			"ascent": -99,
			"type": "bitmap"
		},
		{
			"file": "loader:pixel.png",
			"chars": [""],
			"height": 16,
			"ascent": -100,
			"type": "bitmap"
		},
		{
			"file": "loader:pixel.png",
			"chars": [""],
			"height": 16,
			"ascent": -101,
			"type": "bitmap"
		},
		{
			"file": "loader:pixel.png",
			"chars": [""],
			"height": 16,
			"ascent": -102,
			"type": "bitmap"
		},
		{
			"file": "loader:pixel.png",
			"chars": [""],
			"height": 16,
			"ascent": -103,
			"type": "bitmap"
		},
		{
			"file": "loader:pixel.png",
			"chars": [""],
			"height": 16,
			"ascent": -104,
			"type": "bitmap"
		},
		{
			"file": "loader:pixel.png",
			"chars": [""],
			"height": 16,
			"ascent": -105,
			"type": "bitmap"
		},
		{
			"file": "loader:pixel.png",
			"chars": [""],
			"height": 16,
			"ascent": -106,
			"type": "bitmap"
		},
		{
			"file": "loader:pixel.png",
			"chars": [""],
			"height": 16,
			"ascent": -107,
			"type": "bitmap"
		},
		{
			"file": "loader:pixel.png",
			"chars": [""],
			"height": 16,
			"ascent": -108,
			"type": "bitmap"
		},
		{
			"file": "loader:pixel.png",
			"chars": [""],
			"height": 16,
			"ascent": -109,
			"type": "bitmap"
		},
		{
			"file": "loader:pixel.png",
			"chars": [""],
			"height": 16,
			"ascent": -110,
			"type": "bitmap"
		},
		{
			"file": "loader:pixel.png",
			"chars": [""],
			"height": 16,
			"ascent": -111,
			"type": "bitmap"
		},
		{
			"file": "loader:pixel.png",
			"chars": [""],
			"height": 16,
			"ascent": -112,
			"type": "bitmap"
		},
		{
			"file": "loader:pixel.png",
			"chars": [""],
			"height": 16,
			"ascent": -113,
			"type": "bitmap"
		},
		{
			"file": "loader:pixel.png",
			"chars": [""],
			"height": 16,
			"ascent": -114,
			"type": "bitmap"
		},
		{
			"file": "loader:pixel.png",
			"chars": [""],
			"height": 16,
			"ascent": -115,
			"type": "bitmap"
		},
		{
			"file": "loader:pixel.png",
			"chars": [""],
			"height": 16,
			"ascent": -116,
			"type": "bitmap"
		},
		{
			"file": "loader:pixel.png",
			"chars": [""],
			"height": 16,
			"ascent": -117,
			"type": "bitmap"
		},
		{
			"file": "loader:pixel.png",
			"chars": [""],
			"height": 16,
			"ascent": -118,
			"type": "bitmap"
		},
		{
			"file": "loader:pixel.png",
			"chars": [""],
			"height": 16,
			"ascent": -119,
			"type": "bitmap"
		},
		{
			"file": "loader:pixel.png",
			"chars": [""],
			"height": 16,
			"ascent": -120,
			"type": "bitmap"
		},
		{
			"file": "loader:pixel.png",
			"chars": [""],
			"height": 16,
			"ascent": -121,
			"type": "bitmap"
		},
		{
			"file": "loader:pixel.png",
			"chars": [""],
			"height": 16,
			"ascent": -122,
			"type": "bitmap"
		},
		{
			"file": "loader:pixel.png",
			"chars": [""],
			"height": 16,
			"ascent": -123,
			"type": "bitmap"
		},
		{
			"file": "loader:pixel.png",
			"chars": [""],
			"height": 16,
			"ascent": -124,
			"type": "bitmap"
		},
		{
			"file": "loader:pixel.png",
			"chars": [""],
			"height": 16,
			"ascent": -125,
			"type": "bitmap"
		},
		{
			"file": "loader:pixel.png",
			"chars": [""],
			"height": 16,
			"ascent": -126,
			"type": "bitmap"
		},
		{
			"file": "loader:pixel.png",
			"chars": [""],
			"height": 16,
			"ascent": -127,
			"type": "bitmap"
		},
		{
			"file": "loader:pixel.png",
			"chars": [""],
			"height": 16,
			"ascent": -128,
			"type": "bitmap"
		},
		{
			"file": "loader:pixel.png",
			"chars": [""],
			"height": 16,
			"ascent": -129,
			"type": "bitmap"
		},
		{
			"file": "loader:pixel.png",
			"chars": [""],
			"height": 16,
			"ascent": -130,
			"type": "bitmap"
		},
		{
			"file": "loader:pixel.png",
			"chars": [""],
			"height": 16,
			"ascent": -131,
			"type": "bitmap"
		},
		{
			"file": "loader:pixel.png",
			"chars": [""],
			"height": 16,
			"ascent": -132,
			"type": "bitmap"
		},
		{
			"file": "loader:pixel.png",
			"chars": [""],
			"height": 16,
			"ascent": -133,
			"type": "bitmap"
		},
		{
			"file": "loader:pixel.png",
			"chars": [""],
			"height": 16,
			"ascent": -134,
			"type": "bitmap"
		},
		{
			"file": "loader:pixel.png",
			"chars": [""],
			"height": 16,
			"ascent": -135,
			"type": "bitmap"
		},
		{
			"file": "loader:pixel.png",
			"chars": [""],
			"height": 16,
			"ascent": -136,
			"type": "bitmap"
		},
		{
			"file": "loader:pixel.png",
			"chars": [""],
			"height": 16,
			"ascent": -137,
			"type": "bitmap"
		},
		{
			"file": "loader:pixel.png",
			"chars": [""],
			"height": 16,
			"ascent": -138,
			"type": "bitmap"
		},
		{
			"file": "loader:pixel.png",
			"chars": [""],
			"height": 16,
			"ascent": -139,
			"type": "bitmap"
		},
		{
			"file": "loader:pixel.png",
			"chars": [""],
			"height": 16,
			"ascent": -140,
			"type": "bitmap"
		},
		{
			"file": "loader:pixel.png",
			"chars": [""],
			"height": 16,
			"ascent": -141,
			"type": "bitmap"
		},
		{
			"file": "loader:pixel.png",
			"chars": [""],
			"height": 16,
			"ascent": -142,
			"type": "bitmap"
		},
		{
			"file": "loader:pixel.png",
			"chars": [""],
			"height": 16,
			"ascent": -143,
			"type": "bitmap"
		},
		{
			"file": "loader:pixel.png",
			"chars": [""],
			"height": 16,
			"ascent": -144,
			"type": "bitmap"
		},
		{
			"file": "loader:pixel.png",
			"chars": [""],
			"height": 16,
			"ascent": -145,
			"type": "bitmap"
		},
		{
			"file": "loader:pixel.png",
			"chars": [""],
			"height": 16,
			"ascent": -146,
			"type": "bitmap"
		},
		{
			"file": "loader:pixel.png",
			"chars": [""],
			"height": 16,
			"ascent": -147,
			"type": "bitmap"
		},
		{
			"file": "loader:pixel.png",
			"chars": [""],
			"height": 16,
			"ascent": -148,
			"type": "bitmap"
		},
		{
			"file": "loader:pixel.png",
			"chars": [""],
			"height": 16,
			"ascent": -149,
			"type": "bitmap"
		},
		{
			"file": "loader:pixel.png",
			"chars": [""],
			"height": 16,
			"ascent": -150,
			"type": "bitmap"
		},
		{
			"file": "loader:pixel.png",
			"chars": [""],
			"height": 16,
			"ascent": -151,
			"type": "bitmap"
		},
		{
			"file": "loader:pixel.png",
			"chars": [""],
			"height": 16,
			"ascent": -152,
			"type": "bitmap"
		},
		{
			"file": "loader:pixel.png",
			"chars": [""],
			"height": 16,
			"ascent": -153,
			"type": "bitmap"
		},
		{
			"file": "loader:pixel.png",
			"chars": [""],
			"height": 16,
			"ascent": -154,
			"type": "bitmap"
		},
		{
			"file": "loader:pixel.png",
			"chars": [""],
			"height": 16,
			"ascent": -155,
			"type": "bitmap"
		},
		{
			"file": "loader:pixel.png",
			"chars": [""],
			"height": 16,
			"ascent": -156,
			"type": "bitmap"
		},
		{
			"file": "loader:pixel.png",
			"chars": [""],
			"height": 16,
			"ascent": -157,
			"type": "bitmap"
		},
		{
			"file": "loader:pixel.png",
			"chars": [""],
			"height": 16,
			"ascent": -158,
			"type": "bitmap"
		},
		{
			"file": "loader:pixel.png",
			"chars": [""],
			"height": 16,
			"ascent": -159,
			"type": "bitmap"
		},
		{
			"file": "loader:pixel.png",
			"chars": [""],
			"height": 16,
			"ascent": -160,
			"type": "bitmap"
		},
		{
			"file": "loader:pixel.png",
			"chars": [""],
			"height": 16,
			"ascent": -161,
			"type": "bitmap"
		},
		{
			"file": "loader:pixel.png",
			"chars": [""],
			"height": 16,
			"ascent": -162,
			"type": "bitmap"
		},
		{
			"file": "loader:pixel.png",
			"chars": [""],
			"height": 16,
			"ascent": -163,
			"type": "bitmap"
		},
		{
			"file": "loader:pixel.png",
			"chars": [""],
			"height": 16,
			"ascent": -164,
			"type": "bitmap"
		},
		{
			"file": "loader:pixel.png",
			"chars": [""],
			"height": 16,
			"ascent": -165,
			"type": "bitmap"
		},
		{
			"file": "loader:pixel.png",
			"chars": [""],
			"height": 16,
			"ascent": -166,
			"type": "bitmap"
		},
		{
			"file": "loader:pixel.png",
			"chars": [""],
			"height": 16,
			"ascent": -167,
			"type": "bitmap"
		},
		{
			"file": "loader:pixel.png",
			"chars": [""],
			"height": 16,
			"ascent": -168,
			"type": "bitmap"
		},
		{
			"file": "loader:pixel.png",
			"chars": [""],
			"height": 16,
			"ascent": -169,
			"type": "bitmap"
		},
		{
			"file": "loader:pixel.png",
			"chars": [""],
			"height": 16,
			"ascent": -170,
			"type": "bitmap"
		},
		{
			"file": "loader:pixel.png",
			"chars": [""],
			"height": 16,
			"ascent": -171,
			"type": "bitmap"
		},
		{
			"file": "loader:pixel.png",
			"chars": [""],
			"height": 16,
			"ascent": -172,
			"type": "bitmap"
		},
		{
			"file": "loader:pixel.png",
			"chars": [""],
			"height": 16,
			"ascent": -173,
			"type": "bitmap"
		},
		{
			"file": "loader:pixel.png",
			"chars": [""],
			"height": 16,
			"ascent": -174,
			"type": "bitmap"
		},
		{
			"file": "loader:pixel.png",
			"chars": [""],
			"height": 16,
			"ascent": -175,
			"type": "bitmap"
		},
		{
			"file": "loader:pixel.png",
			"chars": [""],
			"height": 16,
			"ascent": -176,
			"type": "bitmap"
		},
		{
			"file": "loader:pixel.png",
			"chars": [""],
			"height": 16,
			"ascent": -177,
			"type": "bitmap"
		},
		{
			"file": "loader:pixel.png",
			"chars": [""],
			"height": 16,
			"ascent": -178,
			"type": "bitmap"
		},
		{
			"file": "loader:pixel.png",
			"chars": [""],
			"height": 16,
			"ascent": -179,
			"type": "bitmap"
		},
		{
			"file": "loader:pixel.png",
			"chars": [""],
			"height": 16,
			"ascent": -180,
			"type": "bitmap"
		},
		{
			"file": "loader:pixel.png",
			"chars": [""],
			"height": 16,
			"ascent": -181,
			"type": "bitmap"
		},
		{
			"file": "loader:pixel.png",
			"chars": [""],
			"height": 16,
			"ascent": -182,
			"type": "bitmap"
		},
		{
			"file": "loader:pixel.png",
			"chars": [""],
			"height": 16,
			"ascent": -183,
			"type": "bitmap"
		},
		{
			"file": "loader:pixel.png",
			"chars": [""],
			"height": 16,
			"ascent": -184,
			"type": "bitmap"
		},
		{
			"file": "loader:pixel.png",
			"chars": [""],
			"height": 16,
			"ascent": -185,
			"type": "bitmap"
		},
		{
			"file": "loader:pixel.png",
			"chars": [""],
			"height": 16,
			"ascent": -186,
			"type": "bitmap"
		},
		{
			"file": "loader:pixel.png",
			"chars": [""],
			"height": 16,
			"ascent": -187,
			"type": "bitmap"
		},
		{
			"file": "loader:pixel.png",
			"chars": [""],
			"height": 16,
			"ascent": -188,
			"type": "bitmap"
		},
		{
			"file": "loader:pixel.png",
			"chars": [""],
			"height": 16,
			"ascent": -189,
			"type": "bitmap"
		},
		{
			"file": "loader:pixel.png",
			"chars": [""],
			"height": 16,
			"ascent": -190,
			"type": "bitmap"
		},
		{
			"file": "loader:pixel.png",
			"chars": [""],
			"height": 16,
			"ascent": -191,
			"type": "bitmap"
		},
		{
			"file": "loader:pixel.png",
			"chars": [""],
			"height": 16,
			"ascent": -192,
			"type": "bitmap"
		},
		{
			"file": "loader:pixel.png",
			"chars": [""],
			"height": 16,
			"ascent": -193,
			"type": "bitmap"
		},
		{
			"file": "loader:pixel.png",
			"chars": [""],
			"height": 16,
			"ascent": -194,
			"type": "bitmap"
		},
		{
			"file": "loader:pixel.png",
			"chars": [""],
			"height": 16,
			"ascent": -195,
			"type": "bitmap"
		},
		{
			"file": "loader:pixel.png",
			"chars": [""],
			"height": 16,
			"ascent": -196,
			"type": "bitmap"
		},
		{
			"file": "loader:pixel.png",
			"chars": [""],
			"height": 16,
			"ascent": -197,
			"type": "bitmap"
		},
		{
			"file": "loader:pixel.png",
			"chars": [""],
			"height": 16,
			"ascent": -198,
			"type": "bitmap"
		},
		{
			"file": "loader:pixel.png",
			"chars": [""],
			"height": 16,
			"ascent": -199,
			"type": "bitmap"
		},
		{
			"file": "loader:pixel.png",
			"chars": [""],
			"height": 16,
			"ascent": -200,
			"type": "bitmap"
		},
		{
			"file": "loader:pixel.png",
			"chars": [""],
			"height": 16,
			"ascent": -201,
			"type": "bitmap"
		},
		{
			"file": "loader:pixel.png",
			"chars": [""],
			"height": 16,
			"ascent": -202,
			"type": "bitmap"
		},
		{
			"file": "loader:pixel.png",
			"chars": [""],
			"height": 16,
			"ascent": -203,
			"type": "bitmap"
		},
		{
			"file": "loader:pixel.png",
			"chars": [""],
			"height": 16,
			"ascent": -204,
			"type": "bitmap"
		},
		{
			"file": "loader:pixel.png",
			"chars": [""],
			"height": 16,
			"ascent": -205,
			"type": "bitmap"
		},
		{
			"file": "loader:pixel.png",
			"chars": [""],
			"height": 16,
			"ascent": -206,
			"type": "bitmap"
		},
		{
			"file": "loader:pixel.png",
			"chars": [""],
			"height": 16,
			"ascent": -207,
			"type": "bitmap"
		},
		{
			"file": "loader:pixel.png",
			"chars": [""],
			"height": 16,
			"ascent": -208,
			"type": "bitmap"
		},
		{
			"file": "loader:pixel.png",
			"chars": [""],
			"height": 16,
			"ascent": -209,
			"type": "bitmap"
		},
		{
			"file": "loader:pixel.png",
			"chars": [""],
			"height": 16,
			"ascent": -210,
			"type": "bitmap"
		},
		{
			"file": "loader:pixel.png",
			"chars": [""],
			"height": 16,
			"ascent": -211,
			"type": "bitmap"
		},
		{
			"file": "loader:pixel.png",
			"chars": [""],
			"height": 16,
			"ascent": -212,
			"type": "bitmap"
		},
		{
			"file": "loader:pixel.png",
			"chars": [""],
			"height": 16,
			"ascent": -213,
			"type": "bitmap"
		},
		{
			"file": "loader:pixel.png",
			"chars": [""],
			"height": 16,
			"ascent": -214,
			"type": "bitmap"
		},
		{
			"file": "loader:pixel.png",
			"chars": [""],
			"height": 16,
			"ascent": -215,
			"type": "bitmap"
		},
		{
			"file": "loader:pixel.png",
			"chars": [""],
			"height": 16,
			"ascent": -216,
			"type": "bitmap"
		},
		{
			"file": "loader:pixel.png",
			"chars": [""],
			"height": 16,
			"ascent": -217,
			"type": "bitmap"
		},
		{
			"file": "loader:pixel.png",
			"chars": [""],
			"height": 16,
			"ascent": -218,
			"type": "bitmap"
		},
		{
			"file": "loader:pixel.png",
			"chars": [""],
			"height": 16,
			"ascent": -219,
			"type": "bitmap"
		},
		{
			"file": "loader:pixel.png",
			"chars": [""],
			"height": 16,
			"ascent": -220,
			"type": "bitmap"
		},
		{
			"file": "loader:pixel.png",
			"chars": [""],
			"height": 16,
			"ascent": -221,
			"type": "bitmap"
		},
		{
			"file": "loader:pixel.png",
			"chars": [""],
			"height": 16,
			"ascent": -222,
			"type": "bitmap"
		},
		{
			"file": "loader:pixel.png",
			"chars": [""],
			"height": 16,
			"ascent": -223,
			"type": "bitmap"
		},
		{
			"file": "loader:pixel.png",
			"chars": [""],
			"height": 16,
			"ascent": -224,
			"type": "bitmap"
		},
		{
			"file": "loader:pixel.png",
			"chars": [""],
			"height": 16,
			"ascent": -225,
			"type": "bitmap"
		},
		{
			"file": "loader:pixel.png",
			"chars": [""],
			"height": 16,
			"ascent": -226,
			"type": "bitmap"
		},
		{
			"file": "loader:pixel.png",
			"chars": [""],
			"height": 16,
			"ascent": -227,
			"type": "bitmap"
		},
		{
			"file": "loader:pixel.png",
			"chars": [""],
			"height": 16,
			"ascent": -228,
			"type": "bitmap"
		},
		{
			"file": "loader:pixel.png",
			"chars": [""],
			"height": 16,
			"ascent": -229,
			"type": "bitmap"
		},
		{
			"file": "loader:pixel.png",
			"chars": [""],
			"height": 16,
			"ascent": -230,
			"type": "bitmap"
		},
		{
			"file": "loader:pixel.png",
			"chars": [""],
			"height": 16,
			"ascent": -231,
			"type": "bitmap"
		},
		{
			"file": "loader:pixel.png",
			"chars": [""],
			"height": 16,
			"ascent": -232,
			"type": "bitmap"
		},
		{
			"file": "loader:pixel.png",
			"chars": [""],
			"height": 16,
			"ascent": -233,
			"type": "bitmap"
		},
		{
			"file": "loader:pixel.png",
			"chars": [""],
			"height": 16,
			"ascent": -234,
			"type": "bitmap"
		},
		{
			"file": "loader:pixel.png",
			"chars": [""],
			"height": 16,
			"ascent": -235,
			"type": "bitmap"
		},
		{
			"file": "loader:pixel.png",
			"chars": [""],
			"height": 16,
			"ascent": -236,
			"type": "bitmap"
		},
		{
			"file": "loader:pixel.png",
			"chars": [""],
			"height": 16,
			"ascent": -237,
			"type": "bitmap"
		},
		{
			"file": "loader:pixel.png",
			"chars": [""],
			"height": 16,
			"ascent": -238,
			"type": "bitmap"
		},
		{
			"file": "loader:pixel.png",
			"chars": [""],
			"height": 16,
			"ascent": -239,
			"type": "bitmap"
		},
		{
			"file": "loader:pixel.png",
			"chars": [""],
			"height": 16,
			"ascent": -240,
			"type": "bitmap"
		},
		{
			"file": "loader:pixel.png",
			"chars": [""],
			"height": 16,
			"ascent": -241,
			"type": "bitmap"
		},
		{
			"file": "loader:pixel.png",
			"chars": [""],
			"height": 16,
			"ascent": -242,
			"type": "bitmap"
		},
		{
			"file": "loader:pixel.png",
			"chars": [""],
			"height": 16,
			"ascent": -243,
			"type": "bitmap"
		},
		{
			"file": "loader:pixel.png",
			"chars": [""],
			"height": 16,
			"ascent": -42069,
			"type": "bitmap"
		},

		{
			"type": "space",
			"advances": {
				"": -1,
				"": -2
			}
		}
	]
}
